<?xml version="1.0" encoding="UTF-8" standalone="no"?>
<beans xmlns="http://www.springframework.org/schema/beans"
	xmlns:context="http://www.springframework.org/schema/context"
	xmlns:mvc="http://www.springframework.org/schema/mvc" 
	xmlns:p="http://www.springframework.org/schema/p"
	xmlns:xsi="http://www.w3.org/2001/XMLSchema-instance"
	xsi:schemaLocation="
		http://www.springframework.org/schema/beans http://www.springframework.org/schema/beans/spring-beans-3.1.xsd     
		http://www.springframework.org/schema/context http://www.springframework.org/schema/context/spring-context-3.1.xsd     
		http://www.springframework.org/schema/mvc http://www.springframework.org/schema/mvc/spring-mvc-3.1.xsd">

	<!-- DispatcherServlet Context: defines this servlet's request-processing infrastructure -->

	<context:component-scan base-package="kr.co.tsb.web" />
	
	<!-- Enables the Spring MVC @Controller programming model -->
	<mvc:annotation-driven />

	<!-- Handles HTTP GET requests for /resources/** by efficiently serving up static resources in the ${webappRoot}/resources directory -->
	<mvc:resources mapping="/resources/**" location="/resources/" />

	<mvc:interceptors>
		<!-- <bean class="com.bpa.mbl.cm.interceptor.RequestViewInterceptor" /> -->
		<bean class="org.springframework.web.servlet.i18n.LocaleChangeInterceptor" p:paramName="locale" />
	</mvc:interceptors>

	<!-- selects a static view for rendering without the need for an explicit controller -->
	<!-- <mvc:view-controller path="/" view-name="index" /> -->
	<mvc:view-controller path="/uncaughtException" />
	<mvc:view-controller path="/resourceNotFound" />
	<mvc:view-controller path="/dataAccessFailure" />

	<!-- Resolves localized messages*.properties and application.properties 
		files in the application to allow for internationalization. The messages*.properties 
		files translate Roo generated messages which are part of the admin interface, 
		the application.properties resource bundle localizes all application specific 
		messages such as entity names and menu items. -->
	<bean id="messageSource" class="org.springframework.context.support.ReloadableResourceBundleMessageSource"
		p:basenames="classpath:/WEB-INF/i18n/application, classpath:/WEB-INF/i18n/messages"
		p:fallbackToSystemLocale="false" />

	<!-- store preferred language configuration in a cookie -->
	<bean id="localeResolver" class="org.springframework.web.servlet.i18n.CookieLocaleResolver"
		p:cookieName="locale" />

	<!-- This bean resolves specific types of exceptions to corresponding logical 
		- view names for error views. The default behaviour of DispatcherServlet 
		- is to propagate all exceptions to the servlet container: this will happen 
		- here with all other types of exceptions. -->
	<bean class="org.springframework.web.servlet.handler.SimpleMappingExceptionResolver"
		p:defaultErrorView="uncaughtException">
		<property name="exceptionMappings">
			<props>
				<prop key=".DataAccessException">dataAccessFailure</prop>
				<prop key=".NoSuchRequestHandlingMethodException">resourceNotFound</prop>
				<prop key=".TypeMismatchException">resourceNotFound</prop>
				<prop key=".MissingServletRequestParameterException">resourceNotFound</prop>
				<prop key=".ServiceException">uncaughtException</prop>
			</props>
		</property>
	</bean>
	
	<!-- allows for integration of file upload functionality -->
	<bean id="multipartResolver" class="org.springframework.web.multipart.commons.CommonsMultipartResolver" />
	
	<!-- Resolves views selected for rendering by @Controllers to .jsp resources in the /WEB-INF/views directory -->
	<!--  
	<bean class="org.springframework.web.servlet.view.InternalResourceViewResolver">
		<property name="prefix" value="/WEB-INF/views/" />
		<property name="suffix" value=".jsp" />
	</bean>
	-->
	
	<bean id="tilesViewResolver" class="org.springframework.web.servlet.view.UrlBasedViewResolver" >
		<property name="viewClass" value="org.springframework.web.servlet.view.tiles2.TilesView" />
	</bean>
	<bean id="tilesConfigurer" class="org.springframework.web.servlet.view.tiles2.TilesConfigurer">
		<property name="definitions">
			<list>
				<value>/WEB-INF/tiles-defs.xml</value>
				<value>/WEB-INF/views/**/views.xml</value>
			</list>
		</property>
	</bean>
	
	<bean id="jsonView" class="org.springframework.web.servlet.view.json.MappingJacksonJsonView" />
	
</beans>
