<?xml version="1.0" encoding="UTF-8"?>
<!DOCTYPE hibernate-configuration PUBLIC
		"-//Hibernate/Hibernate Configuration DTD 3.0//EN"
		"http://www.hibernate.org/dtd/hibernate-configuration-3.0.dtd">
<hibernate-configuration>
    <session-factory>
    	<!-- database related configurations -->
        <!-- Postgresql 
        <property name="hibernate.connection.driver_class">org.postgresql.Driver</property>
        <property name="hibernate.connection.url">jdbc:postgresql://localhost:5432/test</property>
        <property name="hibernate.connection.username">postgres</property>
        <property name="hibernate.connection.password">postgres</property>
        <property name="hibernate.dialect">org.hibernate.dialect.PostgreSQLDialect</property>
        -->

        <!-- ORACLE 
        <property name="hibernate.connection.driver_class">oracle.jdbc.driver.OracleDriver</property>
        <property name="hibernate.connection.url">jdbc:oracle:thin:@127.0.0.1:1521:XE</property>
        <property name="hibernate.connection.username">oracle</property>
        <property name="hibernate.connection.password">oracle</property>
        -->

        <property name="hibernate.connection.driver_class">oracle.jdbc.driver.OracleDriver</property>
        <property name="hibernate.connection.url">jdbc:log4jdbc:oracle:thin:@172.16.50.5:1521:bpanetdb</property>
        <!-- <property name="hibernate.connection.url">jdbc:oracle:thin:@(DESCRIPTION=(ADDRESS=(PROTOCOL=TCP)(HOST=172.16.50.73)(PORT=1521))(ADDRESS=(PROTOCOL=TCP)(HOST=172.16.50.74)(PORT=1521))(FAILOVER=on)(LOAD_BALANCE=yes)(CONNECT_DATA=(SERVER=DEDICATED)(SERVICE_NAME=bpadb)))</property> -->
        <property name="hibernate.connection.username">bpanet</property>
        <property name="hibernate.connection.password">success</property>
        <property name="hibernate.dialect">org.hibernate.dialect.Oracle10gDialect</property>
        
    	<!-- H2 
        <property name="hibernate.dialect">org.hibernate.dialect.H2Dialect</property>
        <property name="hibernate.connection.driver_class">org.h2.Driver</property>
        <property name="hibernate.connection.url">jdbc:h2:~/test</property>
        <property name="hibernate.connection.username">sa</property>
        <property name="hibernate.connection.password"></property>
    	-->

		<property name="current_session_context_class">thread</property>
        <property name="hibernate.hbm2ddl.auto">validate</property>
        <property name="hibernate.pool_size">5</property>
        <property name="hibernate.connection.autocommit">true</property>
        <property name="hibernate.show_sql">true</property>
        <property name="hibernate.format_sql">true</property>
        <property name="hibernate.use_sql_comments">false</property>
        
        <!-- Mapping Class -->
        <mapping class="kr.co.tsb.comp.batch.admin.domain.QrtzTriggersVO" />
        <mapping class="kr.co.tsb.comp.batch.admin.domain.QrtzJobDetailsVO" />
        <mapping class="kr.co.tsb.comp.batch.admin.domain.QrtzSimpleTriggersVO" />
        
    </session-factory>
</hibernate-configuration>
