﻿<?xml version="1.0" encoding="UTF-8" ?>
<!DOCTYPE log4j:configuration SYSTEM "log4j.dtd">
<log4j:configuration xmlns:log4j="http://jakarta.apache.org/log4j/" debug="false">

  <!-- Appenders -->

   <appender name="console" class="org.apache.log4j.ConsoleAppender">
      <param name="Target" value="System.out"/>
      <layout class="org.apache.log4j.PatternLayout">
         <param name="ConversionPattern" value="%-5p&gt; %d{HH:mm:ss} - %m ☜ %F:%L%n"/>
      </layout>
   </appender>

    <appender name="base-logger" class="org.apache.log4j.DailyRollingFileAppender">
        <param name="file" value="H:/logs/store-front-base.log"/>
        <param name="Append" value="true"/>
        <param name="Encoding" value="UTF-8"/>
        <param name="DatePattern" value="'.'yyyyMMdd"/>
        <layout class="org.apache.log4j.PatternLayout">
            <param name="ConversionPattern" value="%-5p&gt; %d{HH:mm:ss} - %m ☜ %F:%L%n"/>
        </layout>
    </appender>
    
    <appender name="scheduler-logger" class="org.apache.log4j.DailyRollingFileAppender">
        <param name="file" value="H:/logs/store-scheduler.log"/>
        <param name="Append" value="true"/>
        <param name="Encoding" value="UTF-8"/>
        <param name="DatePattern" value="'.'yyyyMMdd"/>
        <layout class="org.apache.log4j.PatternLayout">
            <param name="ConversionPattern" value="%-5p&gt; %d{HH:mm:ss} - %m%n"/>
        </layout>
    </appender>    

  <!-- Logger : 3rd Party Loggers -->

   <logger name="org" additivity="true">
      <level value="info"/>
      <appender-ref ref="base-logger"/>
   </logger>
   
   <logger name="org.springframework" additivity="true">
      <level value="debug"/>
      <appender-ref ref="base-logger"/>
   </logger>

   <logger name="com.ibatis" additivity="true">
      <level value="debug"/>
      <appender-ref ref="base-logger"/>
   </logger>

  <!-- Logger : Application Loggers -->

   <logger name="com.store" additivity="true">
      <level value="debug"/>
      <appender-ref ref="base-logger"/>
   </logger>

   <logger name="com.store.web.front.scheduler" additivity="true">
      <level value="debug"/>
      <appender-ref ref="scheduler-logger"/>
   </logger>

  <!-- Root Logger -->

   <root>
      <level value="info"/>
      <appender-ref ref="console"/>
   </root>

</log4j:configuration>
