<?xml version="1.0" encoding="UTF-8"?>
<!DOCTYPE log4j:configuration PUBLIC "-//APACHE//DTD LOG4J 1.2//EN" "log4j.dtd">
<log4j:configuration xmlns:log4j="http://jakarta.apache.org/log4j/">

	<!-- Appenders -->
	<appender name="console" class="org.apache.log4j.ConsoleAppender">
		<param name="Target" value="System.out" />
		<layout class="org.apache.log4j.PatternLayout">
			<param name="ConversionPattern" value="%-5p: (%13F:%L)%M() - %m%n" />
		</layout>
	</appender>
	
	<logger name="org.springframework.transaction">
		<level value="info" />
	</logger>
	<logger name="org.hibernate">
		<level value="info" />
	</logger>
	<logger name="org.hibernate.SQL">
		<level value="debug" />
	</logger>
	<logger name="org.hibernate.type">
		<level value="info" />
	</logger>
	
	<!-- JDBC[S] -->
	<logger name="java.sql.Connection">
		<level value="debug" />
	</logger>
	<logger name="java.sql.PreparedStatement">
		<level value="debug" />
	</logger>
	<logger name="java.sql.ResultSet">
		<level value="debug" />
	</logger>
	<!-- JDBC[E] -->
	
	<!-- Root Logger -->
	<root>
		<level value="warn" />
		<appender-ref ref="console" />
	</root>
	
</log4j:configuration>
